{"mean": [85.89889107352009, 91.4896297176063, 81.3935903939403], "std": [9.239241126100374, 9.05431189407829, 9.192180602956606]}